descriptor,bins,sigma,metric,mAP@1,mAP@5
hsv,original,0.0,bhattacharyya,0.4,0.45111111111111113
hsv,original,0.0,chi_squared,0.23333333333333334,0.29444444444444445
hsv,original,0.0,emd,0.43333333333333335,0.53
hsv,original,0.0,euclidean,0.26666666666666666,0.325
hsv,original,0.0,hellinger,0.4,0.45111111111111113
hsv,original,0.0,intersection,0.36666666666666664,0.46888888888888897
hsv,original,0.0,l1,0.36666666666666664,0.46888888888888897
hsv,original,0.0,x2,0.4,0.45666666666666667
hsv,original,0.5,bhattacharyya,0.4,0.46611111111111114
hsv,original,0.5,chi_squared,0.23333333333333334,0.2677777777777778
hsv,original,0.5,emd,0.43333333333333335,0.53
hsv,original,0.5,euclidean,0.23333333333333334,0.325
hsv,original,0.5,hellinger,0.4,0.46611111111111114
hsv,original,0.5,intersection,0.4,0.495
hsv,original,0.5,l1,0.4,0.495
hsv,original,0.5,x2,0.4,0.4727777777777778
hsv,original,1.0,bhattacharyya,0.36666666666666664,0.4577777777777778
hsv,original,1.0,chi_squared,0.23333333333333334,0.27222222222222225
hsv,original,1.0,emd,0.4666666666666667,0.5577777777777778
hsv,original,1.0,euclidean,0.3,0.36777777777777776
hsv,original,1.0,hellinger,0.36666666666666664,0.4577777777777778
hsv,original,1.0,intersection,0.43333333333333335,0.5161111111111111
hsv,original,1.0,l1,0.43333333333333335,0.5161111111111111
hsv,original,1.0,x2,0.4,0.48166666666666663
hsv,16,0.0,bhattacharyya,0.5,0.5744444444444444
hsv,16,0.0,chi_squared,0.3,0.3366666666666667
hsv,16,0.0,emd,0.4666666666666667,0.5411111111111111
hsv,16,0.0,euclidean,0.3,0.36333333333333334
hsv,16,0.0,hellinger,0.5,0.5744444444444444
hsv,16,0.0,intersection,0.5333333333333333,0.5916666666666667
hsv,16,0.0,l1,0.5333333333333333,0.5916666666666667
hsv,16,0.0,x2,0.5333333333333333,0.6038888888888889
hsv,16,0.5,bhattacharyya,0.5,0.5911111111111111
hsv,16,0.5,chi_squared,0.3333333333333333,0.37999999999999995
hsv,16,0.5,emd,0.43333333333333335,0.5338888888888889
hsv,16,0.5,euclidean,0.36666666666666664,0.44
hsv,16,0.5,hellinger,0.5,0.5911111111111111
hsv,16,0.5,intersection,0.5666666666666667,0.6288888888888889
hsv,16,0.5,l1,0.5666666666666667,0.6288888888888889
hsv,16,0.5,x2,0.5,0.5816666666666667
hsv,16,1.0,bhattacharyya,0.4666666666666667,0.5788888888888889
hsv,16,1.0,chi_squared,0.36666666666666664,0.44388888888888894
hsv,16,1.0,emd,0.43333333333333335,0.4955555555555556
hsv,16,1.0,euclidean,0.3333333333333333,0.4983333333333333
hsv,16,1.0,hellinger,0.4666666666666667,0.5788888888888889
hsv,16,1.0,intersection,0.4666666666666667,0.5927777777777777
hsv,16,1.0,l1,0.4666666666666667,0.5927777777777777
hsv,16,1.0,x2,0.4666666666666667,0.5716666666666667
hsv,32,0.0,bhattacharyya,0.43333333333333335,0.515
hsv,32,0.0,chi_squared,0.3,0.315
hsv,32,0.0,emd,0.4666666666666667,0.5422222222222222
hsv,32,0.0,euclidean,0.26666666666666666,0.3733333333333333
hsv,32,0.0,hellinger,0.43333333333333335,0.515
hsv,32,0.0,intersection,0.4666666666666667,0.5244444444444444
hsv,32,0.0,l1,0.4666666666666667,0.5244444444444444
hsv,32,0.0,x2,0.43333333333333335,0.5066666666666667
hsv,32,0.5,bhattacharyya,0.4666666666666667,0.5561111111111111
hsv,32,0.5,chi_squared,0.3,0.32166666666666666
hsv,32,0.5,emd,0.4666666666666667,0.5522222222222223
hsv,32,0.5,euclidean,0.3333333333333333,0.4222222222222222
hsv,32,0.5,hellinger,0.4666666666666667,0.5561111111111111
hsv,32,0.5,intersection,0.5333333333333333,0.5733333333333334
hsv,32,0.5,l1,0.5333333333333333,0.5733333333333334
hsv,32,0.5,x2,0.4666666666666667,0.5527777777777777
hsv,32,1.0,bhattacharyya,0.43333333333333335,0.5522222222222222
hsv,32,1.0,chi_squared,0.3,0.3927777777777777
hsv,32,1.0,emd,0.4666666666666667,0.5455555555555556
hsv,32,1.0,euclidean,0.36666666666666664,0.45611111111111113
hsv,32,1.0,hellinger,0.43333333333333335,0.5522222222222222
hsv,32,1.0,intersection,0.5,0.5955555555555556
hsv,32,1.0,l1,0.5,0.5955555555555556
hsv,32,1.0,x2,0.43333333333333335,0.5577777777777778
hsv,64,0.0,bhattacharyya,0.36666666666666664,0.46222222222222226
hsv,64,0.0,chi_squared,0.2,0.24444444444444446
hsv,64,0.0,emd,0.4666666666666667,0.5422222222222222
hsv,64,0.0,euclidean,0.3,0.3777777777777777
hsv,64,0.0,hellinger,0.36666666666666664,0.46222222222222226
hsv,64,0.0,intersection,0.4,0.5216666666666667
hsv,64,0.0,l1,0.4,0.5216666666666667
hsv,64,0.0,x2,0.43333333333333335,0.49444444444444446
hsv,64,0.5,bhattacharyya,0.36666666666666664,0.4872222222222222
hsv,64,0.5,chi_squared,0.23333333333333334,0.2611111111111111
hsv,64,0.5,emd,0.4666666666666667,0.5494444444444445
hsv,64,0.5,euclidean,0.3,0.375
hsv,64,0.5,hellinger,0.36666666666666664,0.4872222222222222
hsv,64,0.5,intersection,0.43333333333333335,0.5383333333333333
hsv,64,0.5,l1,0.43333333333333335,0.5383333333333333
hsv,64,0.5,x2,0.4,0.4955555555555556
hsv,64,1.0,bhattacharyya,0.43333333333333335,0.5288888888888889
hsv,64,1.0,chi_squared,0.3333333333333333,0.3733333333333333
hsv,64,1.0,emd,0.4666666666666667,0.5483333333333333
hsv,64,1.0,euclidean,0.3333333333333333,0.4111111111111111
hsv,64,1.0,hellinger,0.43333333333333335,0.5288888888888889
hsv,64,1.0,intersection,0.5,0.5894444444444444
hsv,64,1.0,l1,0.5,0.5894444444444444
hsv,64,1.0,x2,0.4666666666666667,0.5594444444444444
hsv,128,0.0,bhattacharyya,0.4,0.45111111111111113
hsv,128,0.0,chi_squared,0.2,0.2611111111111111
hsv,128,0.0,emd,0.4666666666666667,0.5422222222222222
hsv,128,0.0,euclidean,0.23333333333333334,0.325
hsv,128,0.0,hellinger,0.4,0.45111111111111113
hsv,128,0.0,intersection,0.43333333333333335,0.5094444444444445
hsv,128,0.0,l1,0.43333333333333335,0.5094444444444445
hsv,128,0.0,x2,0.4,0.46888888888888886
hsv,128,0.5,bhattacharyya,0.4,0.4677777777777778
hsv,128,0.5,chi_squared,0.23333333333333334,0.2677777777777778
hsv,128,0.5,emd,0.4666666666666667,0.5477777777777779
hsv,128,0.5,euclidean,0.3,0.3761111111111111
hsv,128,0.5,hellinger,0.4,0.4677777777777778
hsv,128,0.5,intersection,0.43333333333333335,0.5261111111111111
hsv,128,0.5,l1,0.43333333333333335,0.5261111111111111
hsv,128,0.5,x2,0.4,0.48277777777777775
hsv,128,1.0,bhattacharyya,0.36666666666666664,0.4744444444444445
hsv,128,1.0,chi_squared,0.26666666666666666,0.3027777777777778
hsv,128,1.0,emd,0.4666666666666667,0.5483333333333333
hsv,128,1.0,euclidean,0.3,0.38722222222222225
hsv,128,1.0,hellinger,0.36666666666666664,0.4744444444444445
hsv,128,1.0,intersection,0.4666666666666667,0.5494444444444445
hsv,128,1.0,l1,0.4666666666666667,0.5494444444444445
hsv,128,1.0,x2,0.36666666666666664,0.48444444444444446
hsv,256,0.0,bhattacharyya,0.4,0.45111111111111113
hsv,256,0.0,chi_squared,0.23333333333333334,0.29444444444444445
hsv,256,0.0,emd,0.43333333333333335,0.53
hsv,256,0.0,euclidean,0.26666666666666666,0.325
hsv,256,0.0,hellinger,0.4,0.45111111111111113
hsv,256,0.0,intersection,0.36666666666666664,0.46888888888888897
hsv,256,0.0,l1,0.36666666666666664,0.46888888888888897
hsv,256,0.0,x2,0.4,0.45666666666666667
hsv,256,0.5,bhattacharyya,0.4,0.46611111111111114
hsv,256,0.5,chi_squared,0.23333333333333334,0.2677777777777778
hsv,256,0.5,emd,0.43333333333333335,0.53
hsv,256,0.5,euclidean,0.23333333333333334,0.325
hsv,256,0.5,hellinger,0.4,0.46611111111111114
hsv,256,0.5,intersection,0.4,0.495
hsv,256,0.5,l1,0.4,0.495
hsv,256,0.5,x2,0.4,0.4727777777777778
hsv,256,1.0,bhattacharyya,0.36666666666666664,0.4577777777777778
hsv,256,1.0,chi_squared,0.23333333333333334,0.27222222222222225
hsv,256,1.0,emd,0.4666666666666667,0.5577777777777778
hsv,256,1.0,euclidean,0.3,0.36777777777777776
hsv,256,1.0,hellinger,0.36666666666666664,0.4577777777777778
hsv,256,1.0,intersection,0.43333333333333335,0.5161111111111111
hsv,256,1.0,l1,0.43333333333333335,0.5161111111111111
hsv,256,1.0,x2,0.4,0.48166666666666663
hsv_h,original,0.0,bhattacharyya,0.3333333333333333,0.38333333333333336
hsv_h,original,0.0,chi_squared,0.26666666666666666,0.3
hsv_h,original,0.0,emd,0.16666666666666666,0.22888888888888886
hsv_h,original,0.0,euclidean,0.2,0.24944444444444444
hsv_h,original,0.0,hellinger,0.3333333333333333,0.38333333333333336
hsv_h,original,0.0,intersection,0.36666666666666664,0.39166666666666666
hsv_h,original,0.0,l1,0.36666666666666664,0.39166666666666666
hsv_h,original,0.0,x2,0.3333333333333333,0.3777777777777778
hsv_h,original,0.5,bhattacharyya,0.3333333333333333,0.3733333333333333
hsv_h,original,0.5,chi_squared,0.3,0.30666666666666664
hsv_h,original,0.5,emd,0.16666666666666666,0.2261111111111111
hsv_h,original,0.5,euclidean,0.2,0.2594444444444444
hsv_h,original,0.5,hellinger,0.3333333333333333,0.3733333333333333
hsv_h,original,0.5,intersection,0.36666666666666664,0.3861111111111111
hsv_h,original,0.5,l1,0.36666666666666664,0.3861111111111111
hsv_h,original,0.5,x2,0.3333333333333333,0.3611111111111111
hsv_h,original,1.0,bhattacharyya,0.3,0.33888888888888885
hsv_h,original,1.0,chi_squared,0.26666666666666666,0.2861111111111111
hsv_h,original,1.0,emd,0.16666666666666666,0.22333333333333333
hsv_h,original,1.0,euclidean,0.23333333333333334,0.2861111111111111
hsv_h,original,1.0,hellinger,0.3,0.33888888888888885
hsv_h,original,1.0,intersection,0.3333333333333333,0.36777777777777776
hsv_h,original,1.0,l1,0.3333333333333333,0.36777777777777776
hsv_h,original,1.0,x2,0.3,0.3361111111111111
hsv_h,16,0.0,bhattacharyya,0.3,0.3194444444444444
hsv_h,16,0.0,chi_squared,0.2,0.2677777777777778
hsv_h,16,0.0,emd,0.23333333333333334,0.27777777777777773
hsv_h,16,0.0,euclidean,0.2,0.25277777777777777
hsv_h,16,0.0,hellinger,0.3,0.3194444444444444
hsv_h,16,0.0,intersection,0.23333333333333334,0.26944444444444443
hsv_h,16,0.0,l1,0.23333333333333334,0.26944444444444443
hsv_h,16,0.0,x2,0.26666666666666666,0.3
hsv_h,16,0.5,bhattacharyya,0.3,0.3361111111111111
hsv_h,16,0.5,chi_squared,0.26666666666666666,0.3233333333333333
hsv_h,16,0.5,emd,0.2,0.2333333333333333
hsv_h,16,0.5,euclidean,0.2,0.2577777777777778
hsv_h,16,0.5,hellinger,0.3,0.3361111111111111
hsv_h,16,0.5,intersection,0.23333333333333334,0.26944444444444443
hsv_h,16,0.5,l1,0.23333333333333334,0.26944444444444443
hsv_h,16,0.5,x2,0.26666666666666666,0.3194444444444444
hsv_h,16,1.0,bhattacharyya,0.3,0.3233333333333333
hsv_h,16,1.0,chi_squared,0.3,0.3244444444444445
hsv_h,16,1.0,emd,0.16666666666666666,0.22777777777777777
hsv_h,16,1.0,euclidean,0.23333333333333334,0.2677777777777778
hsv_h,16,1.0,hellinger,0.3,0.3233333333333333
hsv_h,16,1.0,intersection,0.23333333333333334,0.2733333333333333
hsv_h,16,1.0,l1,0.23333333333333334,0.2733333333333333
hsv_h,16,1.0,x2,0.26666666666666666,0.30666666666666664
hsv_h,32,0.0,bhattacharyya,0.26666666666666666,0.3222222222222222
hsv_h,32,0.0,chi_squared,0.26666666666666666,0.2733333333333333
hsv_h,32,0.0,emd,0.2,0.25277777777777777
hsv_h,32,0.0,euclidean,0.2,0.25666666666666665
hsv_h,32,0.0,hellinger,0.26666666666666666,0.3222222222222222
hsv_h,32,0.0,intersection,0.23333333333333334,0.2833333333333333
hsv_h,32,0.0,l1,0.23333333333333334,0.2833333333333333
hsv_h,32,0.0,x2,0.26666666666666666,0.3138888888888889
hsv_h,32,0.5,bhattacharyya,0.23333333333333334,0.28444444444444444
hsv_h,32,0.5,chi_squared,0.3,0.31666666666666665
hsv_h,32,0.5,emd,0.2,0.23888888888888887
hsv_h,32,0.5,euclidean,0.23333333333333334,0.24666666666666667
hsv_h,32,0.5,hellinger,0.23333333333333334,0.28444444444444444
hsv_h,32,0.5,intersection,0.23333333333333334,0.26944444444444443
hsv_h,32,0.5,l1,0.23333333333333334,0.26944444444444443
hsv_h,32,0.5,x2,0.23333333333333334,0.28444444444444444
hsv_h,32,1.0,bhattacharyya,0.2,0.25277777777777777
hsv_h,32,1.0,chi_squared,0.23333333333333334,0.2688888888888889
hsv_h,32,1.0,emd,0.2,0.22777777777777777
hsv_h,32,1.0,euclidean,0.23333333333333334,0.24833333333333335
hsv_h,32,1.0,hellinger,0.2,0.25277777777777777
hsv_h,32,1.0,intersection,0.2,0.22777777777777777
hsv_h,32,1.0,l1,0.2,0.22777777777777777
hsv_h,32,1.0,x2,0.2,0.24999999999999997
hsv_h,64,0.0,bhattacharyya,0.3333333333333333,0.3611111111111111
hsv_h,64,0.0,chi_squared,0.23333333333333334,0.25666666666666665
hsv_h,64,0.0,emd,0.2,0.2427777777777778
hsv_h,64,0.0,euclidean,0.2,0.26999999999999996
hsv_h,64,0.0,hellinger,0.3333333333333333,0.3611111111111111
hsv_h,64,0.0,intersection,0.3,0.33888888888888885
hsv_h,64,0.0,l1,0.3,0.33888888888888885
hsv_h,64,0.0,x2,0.3,0.33888888888888885
hsv_h,64,0.5,bhattacharyya,0.3,0.3333333333333333
hsv_h,64,0.5,chi_squared,0.26666666666666666,0.2916666666666667
hsv_h,64,0.5,emd,0.16666666666666666,0.2261111111111111
hsv_h,64,0.5,euclidean,0.23333333333333334,0.2977777777777778
hsv_h,64,0.5,hellinger,0.3,0.3333333333333333
hsv_h,64,0.5,intersection,0.3333333333333333,0.36111111111111105
hsv_h,64,0.5,l1,0.3333333333333333,0.36111111111111105
hsv_h,64,0.5,x2,0.3,0.3333333333333333
hsv_h,64,1.0,bhattacharyya,0.3,0.33055555555555555
hsv_h,64,1.0,chi_squared,0.3,0.30833333333333335
hsv_h,64,1.0,emd,0.16666666666666666,0.2111111111111111
hsv_h,64,1.0,euclidean,0.26666666666666666,0.2733333333333333
hsv_h,64,1.0,hellinger,0.3,0.33055555555555555
hsv_h,64,1.0,intersection,0.26666666666666666,0.29500000000000004
hsv_h,64,1.0,l1,0.26666666666666666,0.29500000000000004
hsv_h,64,1.0,x2,0.26666666666666666,0.30944444444444436
hsv_h,128,0.0,bhattacharyya,0.3333333333333333,0.3777777777777778
hsv_h,128,0.0,chi_squared,0.26666666666666666,0.2972222222222223
hsv_h,128,0.0,emd,0.2,0.24555555555555555
hsv_h,128,0.0,euclidean,0.2,0.23333333333333334
hsv_h,128,0.0,hellinger,0.3333333333333333,0.3777777777777778
hsv_h,128,0.0,intersection,0.36666666666666664,0.39166666666666666
hsv_h,128,0.0,l1,0.36666666666666664,0.39166666666666666
hsv_h,128,0.0,x2,0.3333333333333333,0.375
hsv_h,128,0.5,bhattacharyya,0.3,0.3511111111111111
hsv_h,128,0.5,chi_squared,0.3,0.30833333333333335
hsv_h,128,0.5,emd,0.16666666666666666,0.2222222222222222
hsv_h,128,0.5,euclidean,0.23333333333333334,0.2761111111111111
hsv_h,128,0.5,hellinger,0.3,0.3511111111111111
hsv_h,128,0.5,intersection,0.36666666666666664,0.38611111111111107
hsv_h,128,0.5,l1,0.36666666666666664,0.38611111111111107
hsv_h,128,0.5,x2,0.3,0.33888888888888885
hsv_h,128,1.0,bhattacharyya,0.3,0.3333333333333333
hsv_h,128,1.0,chi_squared,0.26666666666666666,0.29
hsv_h,128,1.0,emd,0.16666666666666666,0.2111111111111111
hsv_h,128,1.0,euclidean,0.23333333333333334,0.2866666666666667
hsv_h,128,1.0,hellinger,0.3,0.3333333333333333
hsv_h,128,1.0,intersection,0.26666666666666666,0.3194444444444444
hsv_h,128,1.0,l1,0.26666666666666666,0.3194444444444444
hsv_h,128,1.0,x2,0.3,0.3288888888888889
hsv_h,256,0.0,bhattacharyya,0.3333333333333333,0.38333333333333336
hsv_h,256,0.0,chi_squared,0.26666666666666666,0.3
hsv_h,256,0.0,emd,0.16666666666666666,0.22888888888888886
hsv_h,256,0.0,euclidean,0.2,0.24944444444444444
hsv_h,256,0.0,hellinger,0.3333333333333333,0.38333333333333336
hsv_h,256,0.0,intersection,0.36666666666666664,0.39166666666666666
hsv_h,256,0.0,l1,0.36666666666666664,0.39166666666666666
hsv_h,256,0.0,x2,0.3333333333333333,0.3777777777777778
hsv_h,256,0.5,bhattacharyya,0.3333333333333333,0.3733333333333333
hsv_h,256,0.5,chi_squared,0.3,0.30666666666666664
hsv_h,256,0.5,emd,0.16666666666666666,0.2261111111111111
hsv_h,256,0.5,euclidean,0.2,0.2594444444444444
hsv_h,256,0.5,hellinger,0.3333333333333333,0.3733333333333333
hsv_h,256,0.5,intersection,0.36666666666666664,0.3861111111111111
hsv_h,256,0.5,l1,0.36666666666666664,0.3861111111111111
hsv_h,256,0.5,x2,0.3333333333333333,0.3611111111111111
hsv_h,256,1.0,bhattacharyya,0.3,0.33888888888888885
hsv_h,256,1.0,chi_squared,0.26666666666666666,0.2861111111111111
hsv_h,256,1.0,emd,0.16666666666666666,0.22333333333333333
hsv_h,256,1.0,euclidean,0.23333333333333334,0.2861111111111111
hsv_h,256,1.0,hellinger,0.3,0.33888888888888885
hsv_h,256,1.0,intersection,0.3333333333333333,0.36777777777777776
hsv_h,256,1.0,l1,0.3333333333333333,0.36777777777777776
hsv_h,256,1.0,x2,0.3,0.3361111111111111
hsv_s,original,0.0,bhattacharyya,0.3333333333333333,0.3788888888888889
hsv_s,original,0.0,chi_squared,0.3,0.3361111111111111
hsv_s,original,0.0,emd,0.2,0.3005555555555555
hsv_s,original,0.0,euclidean,0.2,0.23166666666666666
hsv_s,original,0.0,hellinger,0.3333333333333333,0.3788888888888889
hsv_s,original,0.0,intersection,0.3333333333333333,0.38555555555555554
hsv_s,original,0.0,l1,0.3333333333333333,0.38555555555555554
hsv_s,original,0.0,x2,0.3333333333333333,0.3788888888888889
hsv_s,original,0.5,bhattacharyya,0.3333333333333333,0.38055555555555554
hsv_s,original,0.5,chi_squared,0.16666666666666666,0.2577777777777778
hsv_s,original,0.5,emd,0.2,0.30499999999999994
hsv_s,original,0.5,euclidean,0.16666666666666666,0.215
hsv_s,original,0.5,hellinger,0.3333333333333333,0.38055555555555554
hsv_s,original,0.5,intersection,0.3333333333333333,0.3872222222222222
hsv_s,original,0.5,l1,0.3333333333333333,0.3872222222222222
hsv_s,original,0.5,x2,0.3333333333333333,0.38722222222222225
hsv_s,original,1.0,bhattacharyya,0.3,0.375
hsv_s,original,1.0,chi_squared,0.3,0.39555555555555555
hsv_s,original,1.0,emd,0.2,0.29666666666666663
hsv_s,original,1.0,euclidean,0.1,0.19111111111111112
hsv_s,original,1.0,hellinger,0.3,0.375
hsv_s,original,1.0,intersection,0.3333333333333333,0.3888888888888889
hsv_s,original,1.0,l1,0.3333333333333333,0.3888888888888889
hsv_s,original,1.0,x2,0.3333333333333333,0.38722222222222225
hsv_s,16,0.0,bhattacharyya,0.36666666666666664,0.43166666666666664
hsv_s,16,0.0,chi_squared,0.3333333333333333,0.425
hsv_s,16,0.0,emd,0.2,0.27999999999999997
hsv_s,16,0.0,euclidean,0.2,0.255
hsv_s,16,0.0,hellinger,0.36666666666666664,0.43166666666666664
hsv_s,16,0.0,intersection,0.3,0.37722222222222224
hsv_s,16,0.0,l1,0.3,0.37722222222222224
hsv_s,16,0.0,x2,0.4,0.44
hsv_s,16,0.5,bhattacharyya,0.36666666666666664,0.43166666666666664
hsv_s,16,0.5,chi_squared,0.26666666666666666,0.3761111111111111
hsv_s,16,0.5,emd,0.16666666666666666,0.26111111111111107
hsv_s,16,0.5,euclidean,0.2,0.27944444444444444
hsv_s,16,0.5,hellinger,0.36666666666666664,0.43166666666666664
hsv_s,16,0.5,intersection,0.3333333333333333,0.38999999999999996
hsv_s,16,0.5,l1,0.3333333333333333,0.38999999999999996
hsv_s,16,0.5,x2,0.36666666666666664,0.4233333333333333
hsv_s,16,1.0,bhattacharyya,0.2,0.29
hsv_s,16,1.0,chi_squared,0.2,0.30944444444444447
hsv_s,16,1.0,emd,0.06666666666666667,0.20055555555555554
hsv_s,16,1.0,euclidean,0.23333333333333334,0.31222222222222223
hsv_s,16,1.0,hellinger,0.2,0.29
hsv_s,16,1.0,intersection,0.23333333333333334,0.3272222222222222
hsv_s,16,1.0,l1,0.23333333333333334,0.3272222222222222
hsv_s,16,1.0,x2,0.2,0.28888888888888886
hsv_s,32,0.0,bhattacharyya,0.3,0.3722222222222223
hsv_s,32,0.0,chi_squared,0.36666666666666664,0.4455555555555556
hsv_s,32,0.0,emd,0.2,0.2983333333333333
hsv_s,32,0.0,euclidean,0.2,0.2788888888888889
hsv_s,32,0.0,hellinger,0.3,0.3722222222222223
hsv_s,32,0.0,intersection,0.26666666666666666,0.36222222222222217
hsv_s,32,0.0,l1,0.26666666666666666,0.36222222222222217
hsv_s,32,0.0,x2,0.3,0.3722222222222223
hsv_s,32,0.5,bhattacharyya,0.3333333333333333,0.41500000000000004
hsv_s,32,0.5,chi_squared,0.3333333333333333,0.4305555555555555
hsv_s,32,0.5,emd,0.16666666666666666,0.27611111111111103
hsv_s,32,0.5,euclidean,0.2,0.2788888888888889
hsv_s,32,0.5,hellinger,0.3333333333333333,0.41500000000000004
hsv_s,32,0.5,intersection,0.3,0.37888888888888883
hsv_s,32,0.5,l1,0.3,0.37888888888888883
hsv_s,32,0.5,x2,0.36666666666666664,0.4316666666666667
hsv_s,32,1.0,bhattacharyya,0.36666666666666664,0.44277777777777777
hsv_s,32,1.0,chi_squared,0.36666666666666664,0.441111111111111
hsv_s,32,1.0,emd,0.16666666666666666,0.27444444444444444
hsv_s,32,1.0,euclidean,0.2,0.29
hsv_s,32,1.0,hellinger,0.36666666666666664,0.44277777777777777
hsv_s,32,1.0,intersection,0.3,0.4066666666666666
hsv_s,32,1.0,l1,0.3,0.4066666666666666
hsv_s,32,1.0,x2,0.36666666666666664,0.44555555555555565
hsv_s,64,0.0,bhattacharyya,0.3333333333333333,0.4
hsv_s,64,0.0,chi_squared,0.3,0.4066666666666667
hsv_s,64,0.0,emd,0.2,0.3005555555555555
hsv_s,64,0.0,euclidean,0.1,0.19277777777777777
hsv_s,64,0.0,hellinger,0.3333333333333333,0.4
hsv_s,64,0.0,intersection,0.3,0.3538888888888889
hsv_s,64,0.0,l1,0.3,0.3538888888888889
hsv_s,64,0.0,x2,0.3,0.3722222222222222
hsv_s,64,0.5,bhattacharyya,0.3333333333333333,0.4
hsv_s,64,0.5,chi_squared,0.3,0.4077777777777778
hsv_s,64,0.5,emd,0.16666666666666666,0.2783333333333333
hsv_s,64,0.5,euclidean,0.13333333333333333,0.215
hsv_s,64,0.5,hellinger,0.3333333333333333,0.4
hsv_s,64,0.5,intersection,0.3333333333333333,0.39944444444444444
hsv_s,64,0.5,l1,0.3333333333333333,0.39944444444444444
hsv_s,64,0.5,x2,0.3,0.3861111111111111
hsv_s,64,1.0,bhattacharyya,0.3333333333333333,0.43333333333333335
hsv_s,64,1.0,chi_squared,0.3333333333333333,0.44166666666666665
hsv_s,64,1.0,emd,0.13333333333333333,0.2594444444444444
hsv_s,64,1.0,euclidean,0.13333333333333333,0.26166666666666666
hsv_s,64,1.0,hellinger,0.3333333333333333,0.43333333333333335
hsv_s,64,1.0,intersection,0.26666666666666666,0.38833333333333336
hsv_s,64,1.0,l1,0.26666666666666666,0.38833333333333336
hsv_s,64,1.0,x2,0.3333333333333333,0.4166666666666667
hsv_s,128,0.0,bhattacharyya,0.3333333333333333,0.3927777777777778
hsv_s,128,0.0,chi_squared,0.26666666666666666,0.36333333333333334
hsv_s,128,0.0,emd,0.2,0.3005555555555555
hsv_s,128,0.0,euclidean,0.13333333333333333,0.19777777777777777
hsv_s,128,0.0,hellinger,0.3333333333333333,0.3927777777777778
hsv_s,128,0.0,intersection,0.3,0.37888888888888883
hsv_s,128,0.0,l1,0.3,0.37888888888888883
hsv_s,128,0.0,x2,0.3333333333333333,0.39555555555555555
hsv_s,128,0.5,bhattacharyya,0.3,0.3694444444444444
hsv_s,128,0.5,chi_squared,0.26666666666666666,0.3511111111111111
hsv_s,128,0.5,emd,0.2,0.30499999999999994
hsv_s,128,0.5,euclidean,0.1,0.18944444444444444
hsv_s,128,0.5,hellinger,0.3,0.3694444444444444
hsv_s,128,0.5,intersection,0.3,0.3777777777777777
hsv_s,128,0.5,l1,0.3,0.3777777777777777
hsv_s,128,0.5,x2,0.3333333333333333,0.3888888888888889
hsv_s,128,1.0,bhattacharyya,0.3,0.3816666666666667
hsv_s,128,1.0,chi_squared,0.3,0.4033333333333333
hsv_s,128,1.0,emd,0.16666666666666666,0.2733333333333333
hsv_s,128,1.0,euclidean,0.1,0.19388888888888892
hsv_s,128,1.0,hellinger,0.3,0.3816666666666667
hsv_s,128,1.0,intersection,0.3,0.36666666666666664
hsv_s,128,1.0,l1,0.3,0.36666666666666664
hsv_s,128,1.0,x2,0.3333333333333333,0.3983333333333333
hsv_s,256,0.0,bhattacharyya,0.3333333333333333,0.3788888888888889
hsv_s,256,0.0,chi_squared,0.3,0.3361111111111111
hsv_s,256,0.0,emd,0.2,0.3005555555555555
hsv_s,256,0.0,euclidean,0.2,0.23166666666666666
hsv_s,256,0.0,hellinger,0.3333333333333333,0.3788888888888889
hsv_s,256,0.0,intersection,0.3333333333333333,0.38555555555555554
hsv_s,256,0.0,l1,0.3333333333333333,0.38555555555555554
hsv_s,256,0.0,x2,0.3333333333333333,0.3788888888888889
hsv_s,256,0.5,bhattacharyya,0.3333333333333333,0.38055555555555554
hsv_s,256,0.5,chi_squared,0.16666666666666666,0.2577777777777778
hsv_s,256,0.5,emd,0.2,0.30499999999999994
hsv_s,256,0.5,euclidean,0.16666666666666666,0.215
hsv_s,256,0.5,hellinger,0.3333333333333333,0.38055555555555554
hsv_s,256,0.5,intersection,0.3333333333333333,0.3872222222222222
hsv_s,256,0.5,l1,0.3333333333333333,0.3872222222222222
hsv_s,256,0.5,x2,0.3333333333333333,0.38722222222222225
hsv_s,256,1.0,bhattacharyya,0.3,0.375
hsv_s,256,1.0,chi_squared,0.3,0.39555555555555555
hsv_s,256,1.0,emd,0.2,0.29666666666666663
hsv_s,256,1.0,euclidean,0.1,0.19111111111111112
hsv_s,256,1.0,hellinger,0.3,0.375
hsv_s,256,1.0,intersection,0.3333333333333333,0.3888888888888889
hsv_s,256,1.0,l1,0.3333333333333333,0.3888888888888889
hsv_s,256,1.0,x2,0.3333333333333333,0.38722222222222225
hsv_v,original,0.0,bhattacharyya,0.16666666666666666,0.25666666666666665
hsv_v,original,0.0,chi_squared,0.16666666666666666,0.19555555555555554
hsv_v,original,0.0,emd,0.2,0.23333333333333334
hsv_v,original,0.0,euclidean,0.1,0.15833333333333333
hsv_v,original,0.0,hellinger,0.16666666666666666,0.25666666666666665
hsv_v,original,0.0,intersection,0.2,0.25
hsv_v,original,0.0,l1,0.2,0.25
hsv_v,original,0.0,x2,0.16666666666666666,0.2472222222222222
hsv_v,original,0.5,bhattacharyya,0.16666666666666666,0.2511111111111111
hsv_v,original,0.5,chi_squared,0.1,0.15555555555555553
hsv_v,original,0.5,emd,0.2,0.23333333333333334
hsv_v,original,0.5,euclidean,0.1,0.15833333333333333
hsv_v,original,0.5,hellinger,0.16666666666666666,0.2511111111111111
hsv_v,original,0.5,intersection,0.2,0.25
hsv_v,original,0.5,l1,0.2,0.25
hsv_v,original,0.5,x2,0.16666666666666666,0.2472222222222222
hsv_v,original,1.0,bhattacharyya,0.16666666666666666,0.2511111111111111
hsv_v,original,1.0,chi_squared,0.16666666666666666,0.2011111111111111
hsv_v,original,1.0,emd,0.2,0.23333333333333334
hsv_v,original,1.0,euclidean,0.1,0.15833333333333333
hsv_v,original,1.0,hellinger,0.16666666666666666,0.2511111111111111
hsv_v,original,1.0,intersection,0.2,0.25555555555555554
hsv_v,original,1.0,l1,0.2,0.25555555555555554
hsv_v,original,1.0,x2,0.16666666666666666,0.2472222222222222
hsv_v,16,0.0,bhattacharyya,0.2,0.2816666666666666
hsv_v,16,0.0,chi_squared,0.16666666666666666,0.2222222222222222
hsv_v,16,0.0,emd,0.16666666666666666,0.21666666666666667
hsv_v,16,0.0,euclidean,0.13333333333333333,0.19166666666666668
hsv_v,16,0.0,hellinger,0.2,0.2816666666666666
hsv_v,16,0.0,intersection,0.2,0.24833333333333335
hsv_v,16,0.0,l1,0.2,0.24833333333333335
hsv_v,16,0.0,x2,0.2,0.26944444444444443
hsv_v,16,0.5,bhattacharyya,0.2,0.2677777777777778
hsv_v,16,0.5,chi_squared,0.16666666666666666,0.23333333333333334
hsv_v,16,0.5,emd,0.2,0.23333333333333334
hsv_v,16,0.5,euclidean,0.16666666666666666,0.2261111111111111
hsv_v,16,0.5,hellinger,0.2,0.2677777777777778
hsv_v,16,0.5,intersection,0.16666666666666666,0.225
hsv_v,16,0.5,l1,0.16666666666666666,0.225
hsv_v,16,0.5,x2,0.2,0.25833333333333336
hsv_v,16,1.0,bhattacharyya,0.2,0.23833333333333334
hsv_v,16,1.0,chi_squared,0.16666666666666666,0.24388888888888888
hsv_v,16,1.0,emd,0.2,0.2111111111111111
hsv_v,16,1.0,euclidean,0.2,0.23333333333333334
hsv_v,16,1.0,hellinger,0.2,0.23833333333333334
hsv_v,16,1.0,intersection,0.2,0.23166666666666666
hsv_v,16,1.0,l1,0.2,0.23166666666666666
hsv_v,16,1.0,x2,0.2,0.24000000000000002
hsv_v,32,0.0,bhattacharyya,0.16666666666666666,0.2538888888888889
hsv_v,32,0.0,chi_squared,0.2,0.2222222222222222
hsv_v,32,0.0,emd,0.2,0.23333333333333334
hsv_v,32,0.0,euclidean,0.1,0.1722222222222222
hsv_v,32,0.0,hellinger,0.16666666666666666,0.2538888888888889
hsv_v,32,0.0,intersection,0.2,0.25555555555555554
hsv_v,32,0.0,l1,0.2,0.25555555555555554
hsv_v,32,0.0,x2,0.2,0.2638888888888889
hsv_v,32,0.5,bhattacharyya,0.23333333333333334,0.29277777777777775
hsv_v,32,0.5,chi_squared,0.23333333333333334,0.2611111111111111
hsv_v,32,0.5,emd,0.2,0.23333333333333334
hsv_v,32,0.5,euclidean,0.16666666666666666,0.21777777777777776
hsv_v,32,0.5,hellinger,0.23333333333333334,0.29277777777777775
hsv_v,32,0.5,intersection,0.2,0.25277777777777777
hsv_v,32,0.5,l1,0.2,0.25277777777777777
hsv_v,32,0.5,x2,0.23333333333333334,0.28444444444444444
hsv_v,32,1.0,bhattacharyya,0.23333333333333334,0.2911111111111111
hsv_v,32,1.0,chi_squared,0.2,0.2611111111111111
hsv_v,32,1.0,emd,0.2,0.23166666666666666
hsv_v,32,1.0,euclidean,0.2,0.2361111111111111
hsv_v,32,1.0,hellinger,0.23333333333333334,0.2911111111111111
hsv_v,32,1.0,intersection,0.23333333333333334,0.25833333333333336
hsv_v,32,1.0,l1,0.23333333333333334,0.25833333333333336
hsv_v,32,1.0,x2,0.23333333333333334,0.2722222222222222
hsv_v,64,0.0,bhattacharyya,0.16666666666666666,0.2511111111111111
hsv_v,64,0.0,chi_squared,0.2,0.2222222222222222
hsv_v,64,0.0,emd,0.2,0.23333333333333334
hsv_v,64,0.0,euclidean,0.1,0.15833333333333333
hsv_v,64,0.0,hellinger,0.16666666666666666,0.2511111111111111
hsv_v,64,0.0,intersection,0.2,0.25555555555555554
hsv_v,64,0.0,l1,0.2,0.25555555555555554
hsv_v,64,0.0,x2,0.16666666666666666,0.24444444444444444
hsv_v,64,0.5,bhattacharyya,0.2,0.27055555555555555
hsv_v,64,0.5,chi_squared,0.16666666666666666,0.19444444444444445
hsv_v,64,0.5,emd,0.2,0.23333333333333334
hsv_v,64,0.5,euclidean,0.13333333333333333,0.18055555555555552
hsv_v,64,0.5,hellinger,0.2,0.27055555555555555
hsv_v,64,0.5,intersection,0.2,0.25277777777777777
hsv_v,64,0.5,l1,0.2,0.25277777777777777
hsv_v,64,0.5,x2,0.2,0.2638888888888889
hsv_v,64,1.0,bhattacharyya,0.23333333333333334,0.29277777777777775
hsv_v,64,1.0,chi_squared,0.23333333333333334,0.24444444444444444
hsv_v,64,1.0,emd,0.2,0.23333333333333334
hsv_v,64,1.0,euclidean,0.16666666666666666,0.21944444444444444
hsv_v,64,1.0,hellinger,0.23333333333333334,0.29277777777777775
hsv_v,64,1.0,intersection,0.23333333333333334,0.26944444444444443
hsv_v,64,1.0,l1,0.23333333333333334,0.26944444444444443
hsv_v,64,1.0,x2,0.23333333333333334,0.2861111111111111
hsv_v,128,0.0,bhattacharyya,0.16666666666666666,0.2511111111111111
hsv_v,128,0.0,chi_squared,0.16666666666666666,0.19722222222222222
hsv_v,128,0.0,emd,0.2,0.23333333333333334
hsv_v,128,0.0,euclidean,0.1,0.15833333333333333
hsv_v,128,0.0,hellinger,0.16666666666666666,0.2511111111111111
hsv_v,128,0.0,intersection,0.2,0.25
hsv_v,128,0.0,l1,0.2,0.25
hsv_v,128,0.0,x2,0.16666666666666666,0.2472222222222222
hsv_v,128,0.5,bhattacharyya,0.16666666666666666,0.2511111111111111
hsv_v,128,0.5,chi_squared,0.13333333333333333,0.1688888888888889
hsv_v,128,0.5,emd,0.2,0.23333333333333334
hsv_v,128,0.5,euclidean,0.1,0.15833333333333333
hsv_v,128,0.5,hellinger,0.16666666666666666,0.2511111111111111
hsv_v,128,0.5,intersection,0.2,0.25555555555555554
hsv_v,128,0.5,l1,0.2,0.25555555555555554
hsv_v,128,0.5,x2,0.16666666666666666,0.2472222222222222
hsv_v,128,1.0,bhattacharyya,0.2,0.2677777777777778
hsv_v,128,1.0,chi_squared,0.2,0.2111111111111111
hsv_v,128,1.0,emd,0.2,0.23333333333333334
hsv_v,128,1.0,euclidean,0.13333333333333333,0.18055555555555552
hsv_v,128,1.0,hellinger,0.2,0.2677777777777778
hsv_v,128,1.0,intersection,0.2,0.25277777777777777
hsv_v,128,1.0,l1,0.2,0.25277777777777777
hsv_v,128,1.0,x2,0.2,0.2638888888888889
hsv_v,256,0.0,bhattacharyya,0.16666666666666666,0.25666666666666665
hsv_v,256,0.0,chi_squared,0.16666666666666666,0.19555555555555554
hsv_v,256,0.0,emd,0.2,0.23333333333333334
hsv_v,256,0.0,euclidean,0.1,0.15833333333333333
hsv_v,256,0.0,hellinger,0.16666666666666666,0.25666666666666665
hsv_v,256,0.0,intersection,0.2,0.25
hsv_v,256,0.0,l1,0.2,0.25
hsv_v,256,0.0,x2,0.16666666666666666,0.2472222222222222
hsv_v,256,0.5,bhattacharyya,0.16666666666666666,0.2511111111111111
hsv_v,256,0.5,chi_squared,0.1,0.15555555555555553
hsv_v,256,0.5,emd,0.2,0.23333333333333334
hsv_v,256,0.5,euclidean,0.1,0.15833333333333333
hsv_v,256,0.5,hellinger,0.16666666666666666,0.2511111111111111
hsv_v,256,0.5,intersection,0.2,0.25
hsv_v,256,0.5,l1,0.2,0.25
hsv_v,256,0.5,x2,0.16666666666666666,0.2472222222222222
hsv_v,256,1.0,bhattacharyya,0.16666666666666666,0.2511111111111111
hsv_v,256,1.0,chi_squared,0.16666666666666666,0.2011111111111111
hsv_v,256,1.0,emd,0.2,0.23333333333333334
hsv_v,256,1.0,euclidean,0.1,0.15833333333333333
hsv_v,256,1.0,hellinger,0.16666666666666666,0.2511111111111111
hsv_v,256,1.0,intersection,0.2,0.25555555555555554
hsv_v,256,1.0,l1,0.2,0.25555555555555554
hsv_v,256,1.0,x2,0.16666666666666666,0.2472222222222222
lab,original,0.0,bhattacharyya,0.43333333333333335,0.5122222222222222
lab,original,0.0,chi_squared,0.3,0.33
lab,original,0.0,emd,0.4,0.46499999999999997
lab,original,0.0,euclidean,0.26666666666666666,0.30666666666666664
lab,original,0.0,hellinger,0.43333333333333335,0.5122222222222222
lab,original,0.0,intersection,0.43333333333333335,0.525
lab,original,0.0,l1,0.43333333333333335,0.525
lab,original,0.0,x2,0.43333333333333335,0.49833333333333335
lab,original,0.5,bhattacharyya,0.43333333333333335,0.5122222222222222
lab,original,0.5,chi_squared,0.23333333333333334,0.24833333333333335
lab,original,0.5,emd,0.4,0.4583333333333333
lab,original,0.5,euclidean,0.3,0.31666666666666665
lab,original,0.5,hellinger,0.43333333333333335,0.5122222222222222
lab,original,0.5,intersection,0.5,0.5583333333333333
lab,original,0.5,l1,0.5,0.5583333333333333
lab,original,0.5,x2,0.43333333333333335,0.5005555555555555
lab,original,1.0,bhattacharyya,0.4666666666666667,0.5416666666666666
lab,original,1.0,chi_squared,0.23333333333333334,0.29277777777777775
lab,original,1.0,emd,0.4,0.4611111111111111
lab,original,1.0,euclidean,0.3,0.36500000000000005
lab,original,1.0,hellinger,0.4666666666666667,0.5416666666666666
lab,original,1.0,intersection,0.4666666666666667,0.5733333333333334
lab,original,1.0,l1,0.4666666666666667,0.5733333333333334
lab,original,1.0,x2,0.43333333333333335,0.5205555555555555
lab,16,0.0,bhattacharyya,0.43333333333333335,0.49
lab,16,0.0,chi_squared,0.3333333333333333,0.3594444444444445
lab,16,0.0,emd,0.4,0.46444444444444444
lab,16,0.0,euclidean,0.43333333333333335,0.4611111111111111
lab,16,0.0,hellinger,0.43333333333333335,0.49
lab,16,0.0,intersection,0.43333333333333335,0.4972222222222223
lab,16,0.0,l1,0.43333333333333335,0.4972222222222223
lab,16,0.0,x2,0.43333333333333335,0.48055555555555557
lab,16,0.5,bhattacharyya,0.43333333333333335,0.49444444444444446
lab,16,0.5,chi_squared,0.3333333333333333,0.4166666666666667
lab,16,0.5,emd,0.3333333333333333,0.42944444444444446
lab,16,0.5,euclidean,0.43333333333333335,0.4666666666666667
lab,16,0.5,hellinger,0.43333333333333335,0.49444444444444446
lab,16,0.5,intersection,0.43333333333333335,0.5011111111111111
lab,16,0.5,l1,0.43333333333333335,0.5011111111111111
lab,16,0.5,x2,0.43333333333333335,0.4855555555555556
lab,16,1.0,bhattacharyya,0.36666666666666664,0.43333333333333335
lab,16,1.0,chi_squared,0.3333333333333333,0.39555555555555555
lab,16,1.0,emd,0.3333333333333333,0.38888888888888895
lab,16,1.0,euclidean,0.36666666666666664,0.4122222222222222
lab,16,1.0,hellinger,0.36666666666666664,0.43333333333333335
lab,16,1.0,intersection,0.4,0.46888888888888886
lab,16,1.0,l1,0.4,0.46888888888888886
lab,16,1.0,x2,0.36666666666666664,0.42888888888888893
lab,32,0.0,bhattacharyya,0.5,0.5583333333333333
lab,32,0.0,chi_squared,0.3333333333333333,0.3844444444444444
lab,32,0.0,emd,0.4,0.478888888888889
lab,32,0.0,euclidean,0.4,0.45111111111111113
lab,32,0.0,hellinger,0.5,0.5583333333333333
lab,32,0.0,intersection,0.5,0.586111111111111
lab,32,0.0,l1,0.5,0.586111111111111
lab,32,0.0,x2,0.4,0.5
lab,32,0.5,bhattacharyya,0.43333333333333335,0.5288888888888889
lab,32,0.5,chi_squared,0.3333333333333333,0.39166666666666666
lab,32,0.5,emd,0.4,0.46111111111111114
lab,32,0.5,euclidean,0.4666666666666667,0.5
lab,32,0.5,hellinger,0.43333333333333335,0.5288888888888889
lab,32,0.5,intersection,0.43333333333333335,0.55
lab,32,0.5,l1,0.43333333333333335,0.55
lab,32,0.5,x2,0.43333333333333335,0.5233333333333333
lab,32,1.0,bhattacharyya,0.5333333333333333,0.5622222222222223
lab,32,1.0,chi_squared,0.4,0.44277777777777777
lab,32,1.0,emd,0.36666666666666664,0.43277777777777776
lab,32,1.0,euclidean,0.36666666666666664,0.4583333333333333
lab,32,1.0,hellinger,0.5333333333333333,0.5622222222222223
lab,32,1.0,intersection,0.5333333333333333,0.5555555555555555
lab,32,1.0,l1,0.5333333333333333,0.5555555555555555
lab,32,1.0,x2,0.5,0.5455555555555556
lab,64,0.0,bhattacharyya,0.4666666666666667,0.55
lab,64,0.0,chi_squared,0.3333333333333333,0.38722222222222225
lab,64,0.0,emd,0.4,0.4583333333333333
lab,64,0.0,euclidean,0.3,0.3888888888888889
lab,64,0.0,hellinger,0.4666666666666667,0.55
lab,64,0.0,intersection,0.5333333333333333,0.5994444444444444
lab,64,0.0,l1,0.5333333333333333,0.5994444444444444
lab,64,0.0,x2,0.4666666666666667,0.5388888888888889
lab,64,0.5,bhattacharyya,0.5,0.5677777777777777
lab,64,0.5,chi_squared,0.3,0.31111111111111106
lab,64,0.5,emd,0.4,0.4611111111111111
lab,64,0.5,euclidean,0.36666666666666664,0.43611111111111106
lab,64,0.5,hellinger,0.5,0.5677777777777777
lab,64,0.5,intersection,0.5333333333333333,0.5972222222222221
lab,64,0.5,l1,0.5333333333333333,0.5972222222222221
lab,64,0.5,x2,0.4666666666666667,0.5444444444444445
lab,64,1.0,bhattacharyya,0.4666666666666667,0.5416666666666666
lab,64,1.0,chi_squared,0.36666666666666664,0.4233333333333334
lab,64,1.0,emd,0.3333333333333333,0.425
lab,64,1.0,euclidean,0.43333333333333335,0.48333333333333334
lab,64,1.0,hellinger,0.4666666666666667,0.5416666666666666
lab,64,1.0,intersection,0.5333333333333333,0.6027777777777777
lab,64,1.0,l1,0.5333333333333333,0.6027777777777777
lab,64,1.0,x2,0.4666666666666667,0.5400000000000001
lab,128,0.0,bhattacharyya,0.4666666666666667,0.5205555555555555
lab,128,0.0,chi_squared,0.26666666666666666,0.3305555555555556
lab,128,0.0,emd,0.4,0.46499999999999997
lab,128,0.0,euclidean,0.3,0.30833333333333335
lab,128,0.0,hellinger,0.4666666666666667,0.5205555555555555
lab,128,0.0,intersection,0.43333333333333335,0.5288888888888889
lab,128,0.0,l1,0.43333333333333335,0.5288888888888889
lab,128,0.0,x2,0.43333333333333335,0.49166666666666664
lab,128,0.5,bhattacharyya,0.4666666666666667,0.5305555555555556
lab,128,0.5,chi_squared,0.23333333333333334,0.2816666666666666
lab,128,0.5,emd,0.4,0.4611111111111111
lab,128,0.5,euclidean,0.3,0.3327777777777778
lab,128,0.5,hellinger,0.4666666666666667,0.5305555555555556
lab,128,0.5,intersection,0.43333333333333335,0.5361111111111112
lab,128,0.5,l1,0.43333333333333335,0.5361111111111112
lab,128,0.5,x2,0.43333333333333335,0.4983333333333333
lab,128,1.0,bhattacharyya,0.5,0.5744444444444444
lab,128,1.0,chi_squared,0.26666666666666666,0.3
lab,128,1.0,emd,0.4,0.4666666666666667
lab,128,1.0,euclidean,0.36666666666666664,0.42444444444444446
lab,128,1.0,hellinger,0.5,0.5744444444444444
lab,128,1.0,intersection,0.43333333333333335,0.5344444444444444
lab,128,1.0,l1,0.43333333333333335,0.5344444444444444
lab,128,1.0,x2,0.4666666666666667,0.5400000000000001
lab,256,0.0,bhattacharyya,0.43333333333333335,0.5122222222222222
lab,256,0.0,chi_squared,0.3,0.33
lab,256,0.0,emd,0.4,0.46499999999999997
lab,256,0.0,euclidean,0.26666666666666666,0.30666666666666664
lab,256,0.0,hellinger,0.43333333333333335,0.5122222222222222
lab,256,0.0,intersection,0.43333333333333335,0.525
lab,256,0.0,l1,0.43333333333333335,0.525
lab,256,0.0,x2,0.43333333333333335,0.49833333333333335
lab,256,0.5,bhattacharyya,0.43333333333333335,0.5122222222222222
lab,256,0.5,chi_squared,0.23333333333333334,0.24833333333333335
lab,256,0.5,emd,0.4,0.4583333333333333
lab,256,0.5,euclidean,0.3,0.31666666666666665
lab,256,0.5,hellinger,0.43333333333333335,0.5122222222222222
lab,256,0.5,intersection,0.5,0.5583333333333333
lab,256,0.5,l1,0.5,0.5583333333333333
lab,256,0.5,x2,0.43333333333333335,0.5005555555555555
lab,256,1.0,bhattacharyya,0.4666666666666667,0.5416666666666666
lab,256,1.0,chi_squared,0.23333333333333334,0.29277777777777775
lab,256,1.0,emd,0.4,0.4611111111111111
lab,256,1.0,euclidean,0.3,0.36500000000000005
lab,256,1.0,hellinger,0.4666666666666667,0.5416666666666666
lab,256,1.0,intersection,0.4666666666666667,0.5733333333333334
lab,256,1.0,l1,0.4666666666666667,0.5733333333333334
lab,256,1.0,x2,0.43333333333333335,0.5205555555555555
lab_l,original,0.0,bhattacharyya,0.3,0.33111111111111113
lab_l,original,0.0,chi_squared,0.2,0.225
lab_l,original,0.0,emd,0.2,0.24944444444444444
lab_l,original,0.0,euclidean,0.2,0.24944444444444444
lab_l,original,0.0,hellinger,0.3,0.33111111111111113
lab_l,original,0.0,intersection,0.26666666666666666,0.2861111111111111
lab_l,original,0.0,l1,0.26666666666666666,0.2861111111111111
lab_l,original,0.0,x2,0.3,0.31777777777777777
lab_l,original,0.5,bhattacharyya,0.3,0.3244444444444445
lab_l,original,0.5,chi_squared,0.23333333333333334,0.2611111111111111
lab_l,original,0.5,emd,0.2,0.24944444444444444
lab_l,original,0.5,euclidean,0.2,0.2594444444444444
lab_l,original,0.5,hellinger,0.3,0.3244444444444445
lab_l,original,0.5,intersection,0.26666666666666666,0.2861111111111111
lab_l,original,0.5,l1,0.26666666666666666,0.2861111111111111
lab_l,original,0.5,x2,0.3,0.31777777777777777
lab_l,original,1.0,bhattacharyya,0.3,0.3244444444444445
lab_l,original,1.0,chi_squared,0.23333333333333334,0.25666666666666665
lab_l,original,1.0,emd,0.2,0.24944444444444444
lab_l,original,1.0,euclidean,0.26666666666666666,0.2983333333333333
lab_l,original,1.0,hellinger,0.3,0.3244444444444445
lab_l,original,1.0,intersection,0.26666666666666666,0.2861111111111111
lab_l,original,1.0,l1,0.26666666666666666,0.2861111111111111
lab_l,original,1.0,x2,0.3,0.31777777777777777
lab_l,16,0.0,bhattacharyya,0.26666666666666666,0.315
lab_l,16,0.0,chi_squared,0.26666666666666666,0.2916666666666667
lab_l,16,0.0,emd,0.2,0.24444444444444444
lab_l,16,0.0,euclidean,0.26666666666666666,0.29
lab_l,16,0.0,hellinger,0.26666666666666666,0.315
lab_l,16,0.0,intersection,0.3,0.31666666666666665
lab_l,16,0.0,l1,0.3,0.31666666666666665
lab_l,16,0.0,x2,0.3,0.325
lab_l,16,0.5,bhattacharyya,0.26666666666666666,0.3011111111111111
lab_l,16,0.5,chi_squared,0.23333333333333334,0.28444444444444444
lab_l,16,0.5,emd,0.16666666666666666,0.22444444444444442
lab_l,16,0.5,euclidean,0.3,0.31777777777777777
lab_l,16,0.5,hellinger,0.26666666666666666,0.3011111111111111
lab_l,16,0.5,intersection,0.26666666666666666,0.2944444444444444
lab_l,16,0.5,l1,0.26666666666666666,0.2944444444444444
lab_l,16,0.5,x2,0.26666666666666666,0.3011111111111111
lab_l,16,1.0,bhattacharyya,0.26666666666666666,0.3022222222222222
lab_l,16,1.0,chi_squared,0.26666666666666666,0.31055555555555553
lab_l,16,1.0,emd,0.2,0.23444444444444443
lab_l,16,1.0,euclidean,0.26666666666666666,0.2944444444444444
lab_l,16,1.0,hellinger,0.26666666666666666,0.3022222222222222
lab_l,16,1.0,intersection,0.26666666666666666,0.3077777777777778
lab_l,16,1.0,l1,0.26666666666666666,0.3077777777777778
lab_l,16,1.0,x2,0.26666666666666666,0.29555555555555557
lab_l,32,0.0,bhattacharyya,0.26666666666666666,0.3077777777777778
lab_l,32,0.0,chi_squared,0.23333333333333334,0.2611111111111111
lab_l,32,0.0,emd,0.2,0.24944444444444444
lab_l,32,0.0,euclidean,0.26666666666666666,0.3011111111111111
lab_l,32,0.0,hellinger,0.26666666666666666,0.3077777777777778
lab_l,32,0.0,intersection,0.3,0.31666666666666665
lab_l,32,0.0,l1,0.3,0.31666666666666665
lab_l,32,0.0,x2,0.3,0.31777777777777777
lab_l,32,0.5,bhattacharyya,0.26666666666666666,0.315
lab_l,32,0.5,chi_squared,0.3,0.31666666666666665
lab_l,32,0.5,emd,0.2,0.2477777777777778
lab_l,32,0.5,euclidean,0.26666666666666666,0.3027777777777778
lab_l,32,0.5,hellinger,0.26666666666666666,0.315
lab_l,32,0.5,intersection,0.3,0.31666666666666665
lab_l,32,0.5,l1,0.3,0.31666666666666665
lab_l,32,0.5,x2,0.3,0.325
lab_l,32,1.0,bhattacharyya,0.26666666666666666,0.30833333333333335
lab_l,32,1.0,chi_squared,0.23333333333333334,0.3055555555555555
lab_l,32,1.0,emd,0.2,0.22777777777777777
lab_l,32,1.0,euclidean,0.3333333333333333,0.3444444444444444
lab_l,32,1.0,hellinger,0.26666666666666666,0.30833333333333335
lab_l,32,1.0,intersection,0.26666666666666666,0.30777777777777776
lab_l,32,1.0,l1,0.26666666666666666,0.30777777777777776
lab_l,32,1.0,x2,0.23333333333333334,0.2916666666666667
lab_l,64,0.0,bhattacharyya,0.26666666666666666,0.3077777777777778
lab_l,64,0.0,chi_squared,0.23333333333333334,0.25
lab_l,64,0.0,emd,0.2,0.24944444444444444
lab_l,64,0.0,euclidean,0.26666666666666666,0.2983333333333333
lab_l,64,0.0,hellinger,0.26666666666666666,0.3077777777777778
lab_l,64,0.0,intersection,0.26666666666666666,0.2916666666666667
lab_l,64,0.0,l1,0.26666666666666666,0.2916666666666667
lab_l,64,0.0,x2,0.3,0.31777777777777777
lab_l,64,0.5,bhattacharyya,0.26666666666666666,0.31333333333333335
lab_l,64,0.5,chi_squared,0.3,0.30833333333333335
lab_l,64,0.5,emd,0.2,0.24944444444444444
lab_l,64,0.5,euclidean,0.26666666666666666,0.2966666666666667
lab_l,64,0.5,hellinger,0.26666666666666666,0.31333333333333335
lab_l,64,0.5,intersection,0.3,0.31666666666666665
lab_l,64,0.5,l1,0.3,0.31666666666666665
lab_l,64,0.5,x2,0.3,0.3233333333333333
lab_l,64,1.0,bhattacharyya,0.26666666666666666,0.315
lab_l,64,1.0,chi_squared,0.3,0.33444444444444443
lab_l,64,1.0,emd,0.2,0.2477777777777778
lab_l,64,1.0,euclidean,0.26666666666666666,0.30277777777777776
lab_l,64,1.0,hellinger,0.26666666666666666,0.315
lab_l,64,1.0,intersection,0.3,0.31666666666666665
lab_l,64,1.0,l1,0.3,0.31666666666666665
lab_l,64,1.0,x2,0.3,0.3233333333333333
lab_l,128,0.0,bhattacharyya,0.3,0.3244444444444445
lab_l,128,0.0,chi_squared,0.23333333333333334,0.25833333333333336
lab_l,128,0.0,emd,0.2,0.24944444444444444
lab_l,128,0.0,euclidean,0.23333333333333334,0.2816666666666666
lab_l,128,0.0,hellinger,0.3,0.3244444444444445
lab_l,128,0.0,intersection,0.26666666666666666,0.3
lab_l,128,0.0,l1,0.26666666666666666,0.3
lab_l,128,0.0,x2,0.3,0.31777777777777777
lab_l,128,0.5,bhattacharyya,0.3,0.3244444444444445
lab_l,128,0.5,chi_squared,0.23333333333333334,0.25666666666666665
lab_l,128,0.5,emd,0.2,0.24944444444444444
lab_l,128,0.5,euclidean,0.26666666666666666,0.2983333333333333
lab_l,128,0.5,hellinger,0.3,0.3244444444444445
lab_l,128,0.5,intersection,0.26666666666666666,0.2944444444444444
lab_l,128,0.5,l1,0.26666666666666666,0.2944444444444444
lab_l,128,0.5,x2,0.3,0.31777777777777777
lab_l,128,1.0,bhattacharyya,0.3,0.31777777777777777
lab_l,128,1.0,chi_squared,0.3,0.31777777777777777
lab_l,128,1.0,emd,0.2,0.24944444444444444
lab_l,128,1.0,euclidean,0.26666666666666666,0.2966666666666667
lab_l,128,1.0,hellinger,0.3,0.31777777777777777
lab_l,128,1.0,intersection,0.3,0.31111111111111106
lab_l,128,1.0,l1,0.3,0.31111111111111106
lab_l,128,1.0,x2,0.3,0.31777777777777777
lab_l,256,0.0,bhattacharyya,0.3,0.33111111111111113
lab_l,256,0.0,chi_squared,0.2,0.225
lab_l,256,0.0,emd,0.2,0.24944444444444444
lab_l,256,0.0,euclidean,0.2,0.24944444444444444
lab_l,256,0.0,hellinger,0.3,0.33111111111111113
lab_l,256,0.0,intersection,0.26666666666666666,0.2861111111111111
lab_l,256,0.0,l1,0.26666666666666666,0.2861111111111111
lab_l,256,0.0,x2,0.3,0.31777777777777777
lab_l,256,0.5,bhattacharyya,0.3,0.3244444444444445
lab_l,256,0.5,chi_squared,0.23333333333333334,0.2611111111111111
lab_l,256,0.5,emd,0.2,0.24944444444444444
lab_l,256,0.5,euclidean,0.2,0.2594444444444444
lab_l,256,0.5,hellinger,0.3,0.3244444444444445
lab_l,256,0.5,intersection,0.26666666666666666,0.2861111111111111
lab_l,256,0.5,l1,0.26666666666666666,0.2861111111111111
lab_l,256,0.5,x2,0.3,0.31777777777777777
lab_l,256,1.0,bhattacharyya,0.3,0.3244444444444445
lab_l,256,1.0,chi_squared,0.23333333333333334,0.25666666666666665
lab_l,256,1.0,emd,0.2,0.24944444444444444
lab_l,256,1.0,euclidean,0.26666666666666666,0.2983333333333333
lab_l,256,1.0,hellinger,0.3,0.3244444444444445
lab_l,256,1.0,intersection,0.26666666666666666,0.2861111111111111
lab_l,256,1.0,l1,0.26666666666666666,0.2861111111111111
lab_l,256,1.0,x2,0.3,0.31777777777777777
lab_a,original,0.0,bhattacharyya,0.4666666666666667,0.5027777777777778
lab_a,original,0.0,chi_squared,0.36666666666666664,0.38333333333333336
lab_a,original,0.0,emd,0.43333333333333335,0.48333333333333334
lab_a,original,0.0,euclidean,0.3,0.3733333333333333
lab_a,original,0.0,hellinger,0.4666666666666667,0.5027777777777778
lab_a,original,0.0,intersection,0.43333333333333335,0.4694444444444444
lab_a,original,0.0,l1,0.43333333333333335,0.4694444444444444
lab_a,original,0.0,x2,0.4666666666666667,0.49166666666666664
lab_a,original,0.5,bhattacharyya,0.4666666666666667,0.5027777777777778
lab_a,original,0.5,chi_squared,0.2,0.24444444444444444
lab_a,original,0.5,emd,0.43333333333333335,0.475
lab_a,original,0.5,euclidean,0.3,0.3777777777777777
lab_a,original,0.5,hellinger,0.4666666666666667,0.5027777777777778
lab_a,original,0.5,intersection,0.4,0.44
lab_a,original,0.5,l1,0.4,0.44
lab_a,original,0.5,x2,0.4666666666666667,0.4888888888888889
lab_a,original,1.0,bhattacharyya,0.4666666666666667,0.5199999999999999
lab_a,original,1.0,chi_squared,0.3,0.33166666666666667
lab_a,original,1.0,emd,0.43333333333333335,0.475
lab_a,original,1.0,euclidean,0.3333333333333333,0.4011111111111111
lab_a,original,1.0,hellinger,0.4666666666666667,0.5199999999999999
lab_a,original,1.0,intersection,0.43333333333333335,0.45666666666666667
lab_a,original,1.0,l1,0.43333333333333335,0.45666666666666667
lab_a,original,1.0,x2,0.5,0.5166666666666667
lab_a,16,0.0,bhattacharyya,0.23333333333333334,0.28444444444444444
lab_a,16,0.0,chi_squared,0.23333333333333334,0.25277777777777777
lab_a,16,0.0,emd,0.2,0.24444444444444444
lab_a,16,0.0,euclidean,0.13333333333333333,0.22999999999999998
lab_a,16,0.0,hellinger,0.23333333333333334,0.28444444444444444
lab_a,16,0.0,intersection,0.13333333333333333,0.2111111111111111
lab_a,16,0.0,l1,0.13333333333333333,0.2111111111111111
lab_a,16,0.0,x2,0.2,0.2594444444444444
lab_a,16,0.5,bhattacharyya,0.2,0.25277777777777777
lab_a,16,0.5,chi_squared,0.23333333333333334,0.27055555555555555
lab_a,16,0.5,emd,0.2,0.24444444444444444
lab_a,16,0.5,euclidean,0.2,0.2622222222222222
lab_a,16,0.5,hellinger,0.2,0.25277777777777777
lab_a,16,0.5,intersection,0.2,0.2622222222222222
lab_a,16,0.5,l1,0.2,0.2622222222222222
lab_a,16,0.5,x2,0.2,0.25277777777777777
lab_a,16,1.0,bhattacharyya,0.23333333333333334,0.26944444444444443
lab_a,16,1.0,chi_squared,0.23333333333333334,0.25555555555555554
lab_a,16,1.0,emd,0.16666666666666666,0.20277777777777778
lab_a,16,1.0,euclidean,0.16666666666666666,0.2222222222222222
lab_a,16,1.0,hellinger,0.23333333333333334,0.26944444444444443
lab_a,16,1.0,intersection,0.2,0.2361111111111111
lab_a,16,1.0,l1,0.2,0.2361111111111111
lab_a,16,1.0,x2,0.23333333333333334,0.26944444444444443
lab_a,32,0.0,bhattacharyya,0.36666666666666664,0.4233333333333334
lab_a,32,0.0,chi_squared,0.23333333333333334,0.3055555555555555
lab_a,32,0.0,emd,0.3,0.3622222222222222
lab_a,32,0.0,euclidean,0.26666666666666666,0.3288888888888889
lab_a,32,0.0,hellinger,0.36666666666666664,0.4233333333333334
lab_a,32,0.0,intersection,0.3,0.3555555555555555
lab_a,32,0.0,l1,0.3,0.3555555555555555
lab_a,32,0.0,x2,0.4,0.4305555555555556
lab_a,32,0.5,bhattacharyya,0.36666666666666664,0.40777777777777774
lab_a,32,0.5,chi_squared,0.3333333333333333,0.39666666666666667
lab_a,32,0.5,emd,0.3,0.36777777777777776
lab_a,32,0.5,euclidean,0.26666666666666666,0.33611111111111114
lab_a,32,0.5,hellinger,0.36666666666666664,0.40777777777777774
lab_a,32,0.5,intersection,0.26666666666666666,0.33888888888888885
lab_a,32,0.5,l1,0.26666666666666666,0.33888888888888885
lab_a,32,0.5,x2,0.3333333333333333,0.3911111111111111
lab_a,32,1.0,bhattacharyya,0.36666666666666664,0.3944444444444445
lab_a,32,1.0,chi_squared,0.3,0.36055555555555563
lab_a,32,1.0,emd,0.23333333333333334,0.30388888888888893
lab_a,32,1.0,euclidean,0.23333333333333334,0.31666666666666665
lab_a,32,1.0,hellinger,0.36666666666666664,0.3944444444444445
lab_a,32,1.0,intersection,0.23333333333333334,0.31666666666666665
lab_a,32,1.0,l1,0.23333333333333334,0.31666666666666665
lab_a,32,1.0,x2,0.36666666666666664,0.3944444444444445
lab_a,64,0.0,bhattacharyya,0.43333333333333335,0.48166666666666663
lab_a,64,0.0,chi_squared,0.23333333333333334,0.3011111111111111
lab_a,64,0.0,emd,0.36666666666666664,0.44166666666666665
lab_a,64,0.0,euclidean,0.23333333333333334,0.3194444444444444
lab_a,64,0.0,hellinger,0.43333333333333335,0.48166666666666663
lab_a,64,0.0,intersection,0.3,0.3622222222222222
lab_a,64,0.0,l1,0.3,0.3622222222222222
lab_a,64,0.0,x2,0.43333333333333335,0.47333333333333333
lab_a,64,0.5,bhattacharyya,0.36666666666666664,0.4472222222222222
lab_a,64,0.5,chi_squared,0.36666666666666664,0.3972222222222222
lab_a,64,0.5,emd,0.3,0.4083333333333333
lab_a,64,0.5,euclidean,0.26666666666666666,0.3444444444444444
lab_a,64,0.5,hellinger,0.36666666666666664,0.4472222222222222
lab_a,64,0.5,intersection,0.26666666666666666,0.3549999999999999
lab_a,64,0.5,l1,0.26666666666666666,0.3549999999999999
lab_a,64,0.5,x2,0.36666666666666664,0.44555555555555554
lab_a,64,1.0,bhattacharyya,0.36666666666666664,0.43333333333333335
lab_a,64,1.0,chi_squared,0.3,0.36333333333333334
lab_a,64,1.0,emd,0.2,0.305
lab_a,64,1.0,euclidean,0.23333333333333334,0.3444444444444444
lab_a,64,1.0,hellinger,0.36666666666666664,0.43333333333333335
lab_a,64,1.0,intersection,0.26666666666666666,0.3555555555555555
lab_a,64,1.0,l1,0.26666666666666666,0.3555555555555555
lab_a,64,1.0,x2,0.36666666666666664,0.43333333333333335
lab_a,128,0.0,bhattacharyya,0.5,0.5277777777777778
lab_a,128,0.0,chi_squared,0.3333333333333333,0.3733333333333333
lab_a,128,0.0,emd,0.43333333333333335,0.4888888888888889
lab_a,128,0.0,euclidean,0.26666666666666666,0.35666666666666663
lab_a,128,0.0,hellinger,0.5,0.5277777777777778
lab_a,128,0.0,intersection,0.4,0.4483333333333333
lab_a,128,0.0,l1,0.4,0.4483333333333333
lab_a,128,0.0,x2,0.4666666666666667,0.48333333333333334
lab_a,128,0.5,bhattacharyya,0.5,0.5316666666666666
lab_a,128,0.5,chi_squared,0.3,0.325
lab_a,128,0.5,emd,0.43333333333333335,0.4777777777777778
lab_a,128,0.5,euclidean,0.3,0.38333333333333336
lab_a,128,0.5,hellinger,0.5,0.5316666666666666
lab_a,128,0.5,intersection,0.4,0.44166666666666665
lab_a,128,0.5,l1,0.4,0.44166666666666665
lab_a,128,0.5,x2,0.5,0.5083333333333333
lab_a,128,1.0,bhattacharyya,0.4666666666666667,0.5027777777777778
lab_a,128,1.0,chi_squared,0.3333333333333333,0.3777777777777777
lab_a,128,1.0,emd,0.36666666666666664,0.4261111111111111
lab_a,128,1.0,euclidean,0.3333333333333333,0.41111111111111115
lab_a,128,1.0,hellinger,0.4666666666666667,0.5027777777777778
lab_a,128,1.0,intersection,0.36666666666666664,0.44166666666666665
lab_a,128,1.0,l1,0.36666666666666664,0.44166666666666665
lab_a,128,1.0,x2,0.4666666666666667,0.5027777777777778
lab_a,256,0.0,bhattacharyya,0.4666666666666667,0.5027777777777778
lab_a,256,0.0,chi_squared,0.36666666666666664,0.38333333333333336
lab_a,256,0.0,emd,0.43333333333333335,0.48333333333333334
lab_a,256,0.0,euclidean,0.3,0.3733333333333333
lab_a,256,0.0,hellinger,0.4666666666666667,0.5027777777777778
lab_a,256,0.0,intersection,0.43333333333333335,0.4694444444444444
lab_a,256,0.0,l1,0.43333333333333335,0.4694444444444444
lab_a,256,0.0,x2,0.4666666666666667,0.49166666666666664
lab_a,256,0.5,bhattacharyya,0.4666666666666667,0.5027777777777778
lab_a,256,0.5,chi_squared,0.2,0.24444444444444444
lab_a,256,0.5,emd,0.43333333333333335,0.475
lab_a,256,0.5,euclidean,0.3,0.3777777777777777
lab_a,256,0.5,hellinger,0.4666666666666667,0.5027777777777778
lab_a,256,0.5,intersection,0.4,0.44
lab_a,256,0.5,l1,0.4,0.44
lab_a,256,0.5,x2,0.4666666666666667,0.4888888888888889
lab_a,256,1.0,bhattacharyya,0.4666666666666667,0.5199999999999999
lab_a,256,1.0,chi_squared,0.3,0.33166666666666667
lab_a,256,1.0,emd,0.43333333333333335,0.475
lab_a,256,1.0,euclidean,0.3333333333333333,0.4011111111111111
lab_a,256,1.0,hellinger,0.4666666666666667,0.5199999999999999
lab_a,256,1.0,intersection,0.43333333333333335,0.45666666666666667
lab_a,256,1.0,l1,0.43333333333333335,0.45666666666666667
lab_a,256,1.0,x2,0.5,0.5166666666666667
lab_b,original,0.0,bhattacharyya,0.3,0.3788888888888889
lab_b,original,0.0,chi_squared,0.23333333333333334,0.29277777777777775
lab_b,original,0.0,emd,0.43333333333333335,0.43333333333333335
lab_b,original,0.0,euclidean,0.26666666666666666,0.2966666666666667
lab_b,original,0.0,hellinger,0.3,0.3788888888888889
lab_b,original,0.0,intersection,0.3333333333333333,0.36666666666666664
lab_b,original,0.0,l1,0.3333333333333333,0.36666666666666664
lab_b,original,0.0,x2,0.3,0.35833333333333334
lab_b,original,0.5,bhattacharyya,0.3333333333333333,0.41777777777777775
lab_b,original,0.5,chi_squared,0.2,0.2622222222222222
lab_b,original,0.5,emd,0.43333333333333335,0.43333333333333335
lab_b,original,0.5,euclidean,0.26666666666666666,0.3
lab_b,original,0.5,hellinger,0.3333333333333333,0.41777777777777775
lab_b,original,0.5,intersection,0.3333333333333333,0.3844444444444444
lab_b,original,0.5,l1,0.3333333333333333,0.3844444444444444
lab_b,original,0.5,x2,0.3333333333333333,0.4
lab_b,original,1.0,bhattacharyya,0.4,0.46222222222222226
lab_b,original,1.0,chi_squared,0.3,0.3277777777777777
lab_b,original,1.0,emd,0.43333333333333335,0.43333333333333335
lab_b,original,1.0,euclidean,0.3,0.35
lab_b,original,1.0,hellinger,0.4,0.46222222222222226
lab_b,original,1.0,intersection,0.4,0.43166666666666664
lab_b,original,1.0,l1,0.4,0.43166666666666664
lab_b,original,1.0,x2,0.36666666666666664,0.42777777777777776
lab_b,16,0.0,bhattacharyya,0.3,0.3677777777777778
lab_b,16,0.0,chi_squared,0.23333333333333334,0.29500000000000004
lab_b,16,0.0,emd,0.23333333333333334,0.29
lab_b,16,0.0,euclidean,0.3333333333333333,0.38444444444444437
lab_b,16,0.0,hellinger,0.3,0.3677777777777778
lab_b,16,0.0,intersection,0.3333333333333333,0.3983333333333333
lab_b,16,0.0,l1,0.3333333333333333,0.3983333333333333
lab_b,16,0.0,x2,0.3,0.3561111111111111
lab_b,16,0.5,bhattacharyya,0.3,0.325
lab_b,16,0.5,chi_squared,0.26666666666666666,0.30944444444444447
lab_b,16,0.5,emd,0.26666666666666666,0.3
lab_b,16,0.5,euclidean,0.26666666666666666,0.35388888888888886
lab_b,16,0.5,hellinger,0.3,0.325
lab_b,16,0.5,intersection,0.26666666666666666,0.3633333333333333
lab_b,16,0.5,l1,0.26666666666666666,0.3633333333333333
lab_b,16,0.5,x2,0.3,0.3383333333333333
lab_b,16,1.0,bhattacharyya,0.23333333333333334,0.2733333333333333
lab_b,16,1.0,chi_squared,0.23333333333333334,0.2827777777777778
lab_b,16,1.0,emd,0.23333333333333334,0.27222222222222225
lab_b,16,1.0,euclidean,0.26666666666666666,0.3
lab_b,16,1.0,hellinger,0.23333333333333334,0.2733333333333333
lab_b,16,1.0,intersection,0.26666666666666666,0.3
lab_b,16,1.0,l1,0.26666666666666666,0.3
lab_b,16,1.0,x2,0.23333333333333334,0.2733333333333333
lab_b,32,0.0,bhattacharyya,0.3,0.3566666666666667
lab_b,32,0.0,chi_squared,0.23333333333333334,0.26944444444444443
lab_b,32,0.0,emd,0.26666666666666666,0.3205555555555556
lab_b,32,0.0,euclidean,0.26666666666666666,0.315
lab_b,32,0.0,hellinger,0.3,0.3566666666666667
lab_b,32,0.0,intersection,0.23333333333333334,0.30833333333333335
lab_b,32,0.0,l1,0.23333333333333334,0.30833333333333335
lab_b,32,0.0,x2,0.3,0.34555555555555556
lab_b,32,0.5,bhattacharyya,0.26666666666666666,0.33888888888888885
lab_b,32,0.5,chi_squared,0.2,0.2677777777777778
lab_b,32,0.5,emd,0.23333333333333334,0.29944444444444446
lab_b,32,0.5,euclidean,0.26666666666666666,0.3
lab_b,32,0.5,hellinger,0.26666666666666666,0.33888888888888885
lab_b,32,0.5,intersection,0.26666666666666666,0.31666666666666665
lab_b,32,0.5,l1,0.26666666666666666,0.31666666666666665
lab_b,32,0.5,x2,0.3,0.34444444444444444
lab_b,32,1.0,bhattacharyya,0.23333333333333334,0.30388888888888893
lab_b,32,1.0,chi_squared,0.2,0.265
lab_b,32,1.0,emd,0.2,0.2511111111111111
lab_b,32,1.0,euclidean,0.3,0.33
lab_b,32,1.0,hellinger,0.23333333333333334,0.30388888888888893
lab_b,32,1.0,intersection,0.3,0.3416666666666667
lab_b,32,1.0,l1,0.3,0.3416666666666667
lab_b,32,1.0,x2,0.23333333333333334,0.30388888888888893
lab_b,64,0.0,bhattacharyya,0.43333333333333335,0.46611111111111114
lab_b,64,0.0,chi_squared,0.3,0.35
lab_b,64,0.0,emd,0.36666666666666664,0.3955555555555555
lab_b,64,0.0,euclidean,0.26666666666666666,0.31111111111111106
lab_b,64,0.0,hellinger,0.43333333333333335,0.46611111111111114
lab_b,64,0.0,intersection,0.3333333333333333,0.375
lab_b,64,0.0,l1,0.3333333333333333,0.375
lab_b,64,0.0,x2,0.43333333333333335,0.4633333333333333
lab_b,64,0.5,bhattacharyya,0.4,0.4494444444444445
lab_b,64,0.5,chi_squared,0.3,0.3361111111111111
lab_b,64,0.5,emd,0.36666666666666664,0.3844444444444444
lab_b,64,0.5,euclidean,0.26666666666666666,0.325
lab_b,64,0.5,hellinger,0.4,0.4494444444444445
lab_b,64,0.5,intersection,0.3,0.365
lab_b,64,0.5,l1,0.3,0.365
lab_b,64,0.5,x2,0.4,0.43833333333333335
lab_b,64,1.0,bhattacharyya,0.3333333333333333,0.3983333333333333
lab_b,64,1.0,chi_squared,0.26666666666666666,0.33055555555555555
lab_b,64,1.0,emd,0.26666666666666666,0.30833333333333335
lab_b,64,1.0,euclidean,0.26666666666666666,0.3216666666666666
lab_b,64,1.0,hellinger,0.3333333333333333,0.3983333333333333
lab_b,64,1.0,intersection,0.3,0.35277777777777775
lab_b,64,1.0,l1,0.3,0.35277777777777775
lab_b,64,1.0,x2,0.3333333333333333,0.3983333333333333
lab_b,128,0.0,bhattacharyya,0.36666666666666664,0.4083333333333333
lab_b,128,0.0,chi_squared,0.3,0.33055555555555555
lab_b,128,0.0,emd,0.4,0.4166666666666667
lab_b,128,0.0,euclidean,0.23333333333333334,0.2833333333333333
lab_b,128,0.0,hellinger,0.36666666666666664,0.4083333333333333
lab_b,128,0.0,intersection,0.3,0.3416666666666667
lab_b,128,0.0,l1,0.3,0.3416666666666667
lab_b,128,0.0,x2,0.3333333333333333,0.3722222222222222
lab_b,128,0.5,bhattacharyya,0.36666666666666664,0.4316666666666667
lab_b,128,0.5,chi_squared,0.23333333333333334,0.2733333333333333
lab_b,128,0.5,emd,0.36666666666666664,0.4
lab_b,128,0.5,euclidean,0.26666666666666666,0.3
lab_b,128,0.5,hellinger,0.36666666666666664,0.4316666666666667
lab_b,128,0.5,intersection,0.3,0.3638888888888889
lab_b,128,0.5,l1,0.3,0.3638888888888889
lab_b,128,0.5,x2,0.3333333333333333,0.40388888888888885
lab_b,128,1.0,bhattacharyya,0.36666666666666664,0.4444444444444444
lab_b,128,1.0,chi_squared,0.3333333333333333,0.3555555555555555
lab_b,128,1.0,emd,0.3333333333333333,0.38333333333333336
lab_b,128,1.0,euclidean,0.26666666666666666,0.325
lab_b,128,1.0,hellinger,0.36666666666666664,0.4444444444444444
lab_b,128,1.0,intersection,0.36666666666666664,0.425
lab_b,128,1.0,l1,0.36666666666666664,0.425
lab_b,128,1.0,x2,0.3333333333333333,0.4166666666666667
lab_b,256,0.0,bhattacharyya,0.3,0.3788888888888889
lab_b,256,0.0,chi_squared,0.23333333333333334,0.29277777777777775
lab_b,256,0.0,emd,0.43333333333333335,0.43333333333333335
lab_b,256,0.0,euclidean,0.26666666666666666,0.2966666666666667
lab_b,256,0.0,hellinger,0.3,0.3788888888888889
lab_b,256,0.0,intersection,0.3333333333333333,0.36666666666666664
lab_b,256,0.0,l1,0.3333333333333333,0.36666666666666664
lab_b,256,0.0,x2,0.3,0.35833333333333334
lab_b,256,0.5,bhattacharyya,0.3333333333333333,0.41777777777777775
lab_b,256,0.5,chi_squared,0.2,0.2622222222222222
lab_b,256,0.5,emd,0.43333333333333335,0.43333333333333335
lab_b,256,0.5,euclidean,0.26666666666666666,0.3
lab_b,256,0.5,hellinger,0.3333333333333333,0.41777777777777775
lab_b,256,0.5,intersection,0.3333333333333333,0.3844444444444444
lab_b,256,0.5,l1,0.3333333333333333,0.3844444444444444
lab_b,256,0.5,x2,0.3333333333333333,0.4
lab_b,256,1.0,bhattacharyya,0.4,0.46222222222222226
lab_b,256,1.0,chi_squared,0.3,0.3277777777777777
lab_b,256,1.0,emd,0.43333333333333335,0.43333333333333335
lab_b,256,1.0,euclidean,0.3,0.35
lab_b,256,1.0,hellinger,0.4,0.46222222222222226
lab_b,256,1.0,intersection,0.4,0.43166666666666664
lab_b,256,1.0,l1,0.4,0.43166666666666664
lab_b,256,1.0,x2,0.36666666666666664,0.42777777777777776
